Upload your CSV,Score 1,Score 2,Choose the winner:,output,flag,username,timestamp
/media/files/aidtogrow/learnyourown/eval/flagged/Upload your CSV/to_evalj6uqj9bq.csv,51,50,,"Pregunta: In what cellular organelle does the Krebs cycle primarily occur?. Let's think step by step., Opción 1: The Krebs cycle primarily occurs in the mitochondria, which is a cellular organelle responsible for energy production through processes like the Krebs cycle and oxidative phosphorylation., Opción 2: The Krebs cycle, also known as the citric acid cycle or the tricarboxylic acid cycle, primarily occurs in the mitochondria of eukaryotic cells. Here are the steps to understand why:

1. The first step in cellular respiration is glycolysis, which occurs in the cytoplasm of the cell.

2. The products of glycolysis (pyruvate molecules) then enter into the mitochondria for further breakdown through a process called pyruvate oxidation. This process takes place in the mitochondrial matrix.

3. The product of pyruvate oxidation (acetyl CoA) then enters into Krebs cycle for complete breakdown and release of energy.

4. The enzymes required for Krebs cycle are present in high concentration within mitochondrial matrix where they carry out their function.

5. Therefore, we can conclude that most of the steps involved in Krebs cycle occur within mitochondria making it a primary site for this metabolic pathway.

So to answer your question: The Krebs Cycle primarily occurs in Mitochondria because it's where most of its steps take place and where its related enzymes are concentrated.
",,,2023-11-01 15:32:55.532278
